upgrade,in.upgrade_name,Building Count,Success,Not Applicable,Failed,Fraction Applicable,Fraction Not Applicable,Fraction of Total Failed,"Success in baseline, failed in upgrade","Success in upgrade, failed in baseline",Failed: per BuildStockBatch,Failed: missing simulation results,Failed: missing completion status
0,Baseline,500,498,0,2,0.996,0.0,0.004,0,0,2,0,0
1,VRF_with_DOAS,500,245,253,2,0.49,0.506,0.004,0,0,2,0,0
2,VRF_with_25pct_Upsizing_Allowance,500,245,253,2,0.49,0.506,0.004,0,0,2,0,0
3,DOAS_HP_Minisplits,500,145,353,2,0.29,0.706,0.004,0,0,2,0,0
4,Advanced_RTU_Controls,500,243,255,2,0.486,0.51,0.004,0,0,2,0,0
5,Unoccupied_AHU_Control,500,226,271,3,0.452,0.542,0.006,1,0,3,0,0
6,Pmp,500,191,307,2,0.382,0.614,0.004,0,0,2,0,0
7,Ideal_Thermal_Loads,500,498,0,2,0.996,0.0,0.004,0,0,2,0,0
8,Hydronic_GHP,500,111,387,2,0.222,0.774,0.004,0,0,2,0,0
9,Packaged_GHP,500,237,261,2,0.474,0.522,0.004,0,0,2,0,0
10,Console_GHP,500,73,425,2,0.146,0.85,0.004,0,0,2,0,0
11,Chiller_Replacement,500,129,369,2,0.258,0.738,0.004,0,0,2,0,0
12,LED_Lighting,500,327,171,2,0.654,0.342,0.004,0,0,2,0,0
13,Add_PV_40pct_w_batt,500,498,0,2,0.996,0.0,0.004,0,0,2,0,0
14,Wall_Insulation,500,488,9,3,0.976,0.018,0.006,1,0,3,0,0
15,Package_2,500,432,66,2,0.864,0.132,0.004,0,0,2,0,0
16,Package_3,500,498,0,2,0.996,0.0,0.004,0,0,2,0,0
17,Package_4,500,432,66,2,0.864,0.132,0.004,0,0,2,0,0
18,Package_6,500,427,71,2,0.854,0.142,0.004,0,0,2,0,0
19,Package_10,500,427,71,2,0.854,0.142,0.004,0,0,2,0,0
20,Package_11,500,427,71,2,0.854,0.142,0.004,0,0,2,0,0
