Load LWT [C],Source EWT [C],Htg Cap [W],Htg EIR
25,-5,78700.0,0.199203187
25,-4,81200.0,0.196078431
25,-3,83700.0,0.193050193
25,-2,86600.0,0.190114068
25,0,91600.0,0.184501845
25,5,104618.9,0.184501845
25,10,117605.4,0.184501845
25,15,130591.9,0.184501845
25,20,143578.4,0.184501845
25,25,156564.9,0.184501845
30,-5,76900.0,0.227272727
30,-4,79300.0,0.223214286
30,-3,81700.0,0.219298246
30,-2,84200.0,0.215517241
30,0,89300.0,0.208333333
30,5,101632.4,0.184501845
30,10,114037.8,0.184501845
30,15,126443.2,0.184501845
30,20,138848.6,0.184501845
30,25,151254.1,0.184501845
35,-5,74900.0,0.257731959
35,-4,77200.0,0.252525253
35,-3,79500.0,0.247524752
35,-2,81800.0,0.242718447
35,0,86700.0,0.234192037
35,5,98402.7,0.2042531412124985
35,10,110186.5,0.184501845
35,15,121970.3,0.184501845
35,20,133754.1,0.184501845
35,25,145537.8,0.184501845
40,-5,73200.0,0.292397661
40,-4,75300.0,0.286532951
40,-3,77400.0,0.280112045
40,-2,79600.0,0.274725275
40,0,84200.0,0.263852243
40,5,95100.0,0.23036703857537455
40,10,106100.0,0.2042531412124985
40,15,117100.0,0.184501845
40,20,128100.0,0.184501845
40,25,139100.0,0.184501845
45,-5,71800.0,0.332225914
45,-4,73700.0,0.324675325
45,-3,75700.0,0.318471338
45,-2,77800.0,0.31152648
45,0,82000.0,0.297619048
45,5,92168.9,0.26020532567317883
45,10,102405.4,0.23036703857537455
45,15,112641.9,0.2042531412124985
45,20,122878.4,0.184501845
45,25,133114.9,0.184501845
50,-5,70900.0,0.377358491
50,-4,72600.0,0.36900369
50,-3,74400.0,0.36101083
50,-2,76300.0,0.352112676
50,0,80300.0,0.336700337
50,5,89604.1,0.29389758718068015
50,10,99029.7,0.26020532567317883
50,15,108455.4,0.23036703857537455
50,20,117881.1,0.2042531412124985
50,25,127306.8,0.184501845
55,-5,70300.0,0.408163265
55,-4,72000.0,0.4
55,-3,73700.0,0.390625
55,-2,75400.0,0.381679389
55,0,79100.0,0.363636364
55,5,87802.7,0.33121581075303846
55,10,96586.5,0.29389758718068015
55,15,105370.3,0.26020532567317883
55,20,114154.1,0.23036703857537455
55,25,122937.8,0.2042531412124985
60,-5,69200.0,0.45045045
60,-4,71300.0,0.438596491
60,-3,73000.0,0.429184549
60,-2,74600.0,0.418410042
60,0,78100.0,0.398406375
60,5,86921.6,0.3713303118067088
60,10,95691.9,0.33121581075303846
60,15,104462.2,0.29389758718068015
60,20,113232.4,0.26020532567317883
60,25,122002.7,0.23036703857537455
65,-5,67100.0,0.505050505
65,-4,69100.0,0.492610837
65,-3,71200.0,0.4784689
65,-2,73400.0,0.46728972
65,0,76900.0,0.446428571
65,5,86960.8,0.4125297628044413
65,10,96845.9,0.3713303118067088
65,15,106731.1,0.33121581075303846
65,20,116616.2,0.29389758718068015
65,25,126501.4,0.26020532567317883
